firstname,email address,gender,ip_address
Joell Hartopp,jhartopp0@sbwire.com,Female,150.203.66.170
Terri Blunden,tblunden1@illinois.edu,Female,3.72.50.91
Etienne Blowfield,eblowfield2@addtoany.com,Male,223.156.4.166
Corrie Duesbury,cduesbury3@mashable.com,Male,218.167.186.84
Blakelee Samways,bsamways4@seattletimes.com,Female,11.0.202.40
Thornie Spaice,tspaice5@oaic.gov.au,Male,184.139.201.30
Mattie Argent,margent6@netlog.com,Male,227.75.243.110
Sylas Cumming,scumming7@about.me,Genderqueer,101.243.181.24
Cullin Sclater,csclater8@vistaprint.com,Male,156.107.246.11
Stormy Reiner,sreiner9@fema.gov,Female,48.146.63.247
Michell Jamblin,mjamblina@spotify.com,Female,152.72.57.188
Nike Pettifor,npettiforb@ebay.co.uk,Female,219.163.94.210
Aurilia Francescozzi,afrancescozzic@woothemes.com,Female,186.205.239.184
Nickolai Giovannilli,ngiovannillid@furl.net,Male,126.211.137.211
Evelin Dowzell,edowzelle@eventbrite.com,Non-binary,150.208.197.217
Langsdon Bottrill,lbottrillf@exblog.jp,Male,207.115.199.192
Sadella Hardacre,shardacreg@flickr.com,Female,32.15.78.51
Lilas Chalfain,lchalfainh@pbs.org,Female,46.60.150.32
Regine Mattea,rmatteai@constantcontact.com,Female,178.15.71.74
Rockey Rubinfeld,rrubinfeldj@sbwire.com,Male,103.227.32.237
Lamar Ruben,lrubenk@slideshare.net,Male,142.60.208.213
Stinky McCallister,smccallisterl@pcworld.com,Male,238.164.137.49
Norina Korn,nkornm@mayoclinic.com,Female,116.69.82.192
Aguie Sharply,asharplyn@1688.com,Male,102.70.223.193
Gregorio Malsher,gmalshero@miitbeian.gov.cn,Male,121.216.144.159
Zerk Cawston,zcawstonp@dot.gov,Male,71.248.245.75
Tuesday Brader,tbraderq@lulu.com,Agender,111.108.199.132
Cooper Sogg,csoggr@gov.uk,Male,71.9.7.85
Kerry Vaneschi,kvaneschis@ezinearticles.com,Male,89.249.151.113
Augustin Dulany,adulanyt@ovh.net,Male,174.196.103.82
Madelaine Funnell,mfunnellu@hibu.com,Female,3.73.21.227
Krishnah Corkett,kcorkettv@cornell.edu,Male,132.20.242.101
Rona Sommerland,rsommerlandw@barnesandnoble.com,Female,228.207.255.170
Alisander Valentinetti,avalentinettix@businessweek.com,Bigender,6.145.249.7
Morgan Albin,malbiny@dmoz.org,Male,161.167.185.223
Tucky Arnaldy,tarnaldyz@purevolume.com,Male,240.247.150.71
Mahmud Feldfisher,mfeldfisher10@thetimes.co.uk,Male,44.86.78.152
Cirillo Romanin,cromanin11@chronoengine.com,Male,189.102.185.11
Bar Pinks,bpinks12@samsung.com,Male,184.71.82.33
Ophelia Mounfield,omounfield13@ebay.com,Female,207.108.79.49
Krystal Hunn,khunn14@yellowpages.com,Female,121.52.29.216
Aron Ambrogioli,aambrogioli15@nasa.gov,Male,167.156.225.188
Murdoch Eshelby,meshelby16@businesswire.com,Male,7.204.168.122
Jillayne Osgood,josgood17@ifeng.com,Female,154.18.250.124
Berta Joost,bjoost18@independent.co.uk,Agender,195.17.139.226
Gary Sarath,gsarath19@aol.com,Male,77.116.226.85
Enoch Saunter,esaunter1a@com.com,Male,56.19.245.175
Hodge Falco,hfalco1b@google.fr,Male,47.150.226.37
Francklin Wardley,fwardley1c@shareasale.com,Male,187.61.50.2
Cristobal Eastham,ceastham1d@geocities.jp,Male,153.13.129.63
Corbie Pimblott,cpimblott1e@admin.ch,Male,37.246.116.149
Chere Brasse,cbrasse1f@wired.com,Female,110.142.37.4
Giorgia Gidden,ggidden1g@ca.gov,Female,161.123.112.107
Rozanne Tomasello,rtomasello1h@pcworld.com,Female,201.152.165.25
Murvyn Mathelin,mmathelin1i@hud.gov,Male,196.207.170.112
Monroe Bartalot,mbartalot1j@indiegogo.com,Male,37.17.42.33
Dasya Birley,dbirley1k@altervista.org,Female,223.50.210.221
Mariejeanne Herety,mherety1l@ustream.tv,Agender,135.6.182.68
Jareb Giacomuzzo,jgiacomuzzo1m@wufoo.com,Male,16.38.153.93
Galina Bernon,gbernon1n@hhs.gov,Female,174.170.50.16
Annelise Gres,agres1o@berkeley.edu,Female,231.134.253.245
Cece Bisatt,cbisatt1p@cnn.com,Male,120.40.78.92
Candi Sketchley,csketchley1q@is.gd,Female,153.241.134.81
Tamas Eadmeades,teadmeades1r@about.me,Male,40.248.84.172
Ivar Duffan,iduffan1s@slate.com,Male,190.240.166.86
Appolonia Birdwhistell,abirdwhistell1t@google.fr,Female,170.152.54.148
Mannie Hemstead,mhemstead1u@thetimes.co.uk,Male,97.15.21.158
Gaven Michie,gmichie1v@miibeian.gov.cn,Male,196.206.24.2
Vic Stalman,vstalman1w@tiny.cc,Male,4.159.248.246
Kattie Febre,kfebre1x@geocities.jp,Female,170.122.251.48
Ernie Pawle,epawle1y@slideshare.net,Male,73.203.195.1
Nert Cullin,ncullin1z@vk.com,Agender,106.252.190.111
Calv Whopples,cwhopples20@yellowpages.com,Male,20.44.229.253
Elwood Ganniclifft,eganniclifft21@barnesandnoble.com,Male,250.172.2.65
Livvie Martill,lmartill22@msu.edu,Female,60.172.168.58
Lonnie Ainslee,lainslee23@bing.com,Female,129.177.138.151
Gerick Baldrey,gbaldrey24@howstuffworks.com,Male,118.222.23.214
Elysia Pingston,epingston25@yahoo.com,Genderqueer,209.175.169.127
Joella Zucker,jzucker26@ucla.edu,Female,121.15.144.241
Maxwell Huonic,mhuonic27@scribd.com,Male,8.48.8.233
Jefferson Keerl,jkeerl28@feedburner.com,Male,182.242.51.48
Verne Grafham,vgrafham29@who.int,Male,216.254.178.236
Ephraim Bowmer,ebowmer2a@businessinsider.com,Male,46.183.106.192
Rozamond Smallridge,rsmallridge2b@samsung.com,Female,98.63.148.35
Jolyn Brannan,jbrannan2c@va.gov,Female,211.68.127.59
Reggie Lintott,rlintott2d@fotki.com,Female,87.113.41.254
Jermayne Casley,jcasley2e@hc360.com,Male,208.56.133.120
Caspar Eberdt,ceberdt2f@yandex.ru,Male,122.99.57.186
Melina Zellner,mzellner2g@skype.com,Female,89.158.126.67
Bondie Remer,bremer2h@bloomberg.com,Male,198.61.202.194
Mikey Brass,mbrass2i@lulu.com,Male,112.83.145.211
Winni Money,wmoney2j@bloomberg.com,Female,39.164.159.199
Ansell Tabart,atabart2k@issuu.com,Male,39.111.230.141
Gwenette Rishbrook,grishbrook2l@ucla.edu,Female,114.112.200.114
Karim Stoll,kstoll2m@nymag.com,Male,63.224.22.174
Carolann Northing,cnorthing2n@indiegogo.com,Female,22.211.73.40
Vilhelmina Tatton,vtatton2o@quantcast.com,Female,28.5.71.4
Augusto Fancett,afancett2p@de.vu,Male,52.172.10.21
Desdemona Corley,dcorley2q@zimbio.com,Female,83.154.68.115
Theodoric MacMeekan,tmacmeekan2r@slideshare.net,Male,16.104.151.0
